0,1
2023-01-01,"[ 0.          0.          0.          0.          0.          0.
  0.          0.          0.          0.          0.          0.
  0.          0.          0.          0.         29.47180012 33.47074189
 32.82526486 31.4197048  29.09367597 26.49646336  0.          0.        ]"
2023-01-02,"[ 0.          0.          0.          0.          0.          0.
  0.          0.          0.          0.          0.          0.
  0.          0.          0.         19.68633985 23.62390486 27.46445975
 26.96201243 25.2655348  22.63657611 19.36507404  0.          0.        ]"
2023-01-03,"[ 0.          0.          0.          0.          0.          0.
 20.6716838  24.55294021 26.07558435 26.52673153 26.90159391 27.04092083
 26.87836613 26.77553291 26.45707139 26.98783727 28.88865447 30.97171313
 29.37630531 27.1702925  24.46668689 21.53750437 17.98467136  0.        ]"
2023-01-04,"[ 0.          0.          0.          0.          0.          0.
 24.27561276 27.35262561 27.90336599 27.69018109 27.19984766 27.00087532
 26.92270623 27.33486701 27.67241539 28.97996766 31.8295866  35.05939161
 33.59194445 31.36768184 28.59978514 25.23496434 21.10976429  0.        ]"
2023-01-05,"[ 0.          0.          0.          0.          0.          0.
 21.15858877 24.13607944 25.64630564 26.46588128 26.90176046 27.4174485
 27.3376427  27.32843092 27.48497907 28.11424127 30.59138561 33.10229525
 32.4024329  30.49930153 28.09582691 25.46520091 22.27898244  0.        ]"
2023-01-06,"[ 0.          0.          0.          0.          0.          0.
 27.25422429 29.09436794 30.8280773  31.36572198 31.42373823 31.43642708
 31.22250065 31.08834045 31.02851487 31.14635308 32.52442024 33.71915508
 33.10637758 32.1092526  29.58374022 28.52147899 26.90251357  0.        ]"
2023-01-07,"[ 0.          0.          0.          0.          0.          0.
  0.         24.89074616 25.84089222 25.59600614 24.86136012  0.
  0.         24.43526259 25.04502285 26.51432223 28.85785865 30.59408364
 29.90106295 28.53706108 27.32733836 25.85803163  0.          0.        ]"
2023-01-08,"[ 0.          0.          0.          0.          0.          0.
  0.          0.          0.          0.          0.          0.
  0.          0.          0.         25.31125942 28.93214605 31.37007216
 30.91895594 29.65680376 28.19789022 26.45583468  0.          0.        ]"
2023-01-09,"[ 0.          0.          0.          0.          0.          0.
 34.00977923 37.86894818 39.06139748 38.09298636 35.63945007 34.16876789
 33.06305249 32.87153545 33.5870007  35.85986395 40.05870906 43.83477563
 43.18435268 41.04880094 38.30618416 34.98901989  0.          0.        ]"
2023-01-10,"[ 0.          0.          0.          0.          0.          0.
 21.90128264 24.48572724 24.04763841 21.81978264  0.          0.
  0.          0.         21.60243119 24.59101364 28.49654414 32.0420897
 31.51229214 29.96026693 28.1773058  25.5724879  22.15260205  0.        ]"
2023-01-11,"[ 0.          0.          0.          0.          0.         58.94759965
 58.11023536 57.71055964 57.9414216  58.25054241 58.54792281 58.63847883
 58.59431935 58.43947917 58.20805766 57.80446959 57.22815372 52.14609168
 50.35579163 57.13983253 57.5490116  58.04762928 58.66251531  0.        ]"
2023-01-12,"[ 0.          0.          0.          0.          0.          0.
 88.40987405 81.38013062 79.1127261  78.08897816 78.24822026 78.16480376
 78.4833107  79.33264232 80.12131499 80.363966   77.14863914 72.79581457
 75.94288398 81.56972115 87.37853521 94.89361099  0.          0.        ]"
2023-01-13,"[ 0.          0.          0.          0.          0.          0.
  0.          0.         41.17851553 40.78423296 40.76512493 40.8554473
  0.          0.          0.         41.01003281 40.0251905  38.88402576
 39.40510634 40.22667673 41.16288311  0.          0.          0.        ]"
2023-01-14,"[ 0.          0.          0.          0.          0.          0.
  0.          0.          0.          0.         10.93395997 11.34162865
 10.91719507 11.14057822 11.75489307 13.86027373 18.76911858 22.53311918
 21.15373377 18.5792429  15.1838301  11.46449497  0.          0.        ]"
2023-01-15,"[ 0.          0.          0.          0.          0.          0.
  0.          0.          0.          0.          0.          0.
  0.          0.          0.          0.         15.32238935 22.3396984
 21.43031959 18.08634985 14.11942208  8.68459498  0.          0.        ]"
2023-01-16,"[ 0.          0.          0.          0.          0.          0.
  0.         29.62246936 31.19185784 31.70836047 31.7927896  31.6388306
 31.65869628 31.6388306  32.20996385 34.85210882 38.51234987 43.13609611
 41.27368393 38.11505123 34.6931834  29.9353488   0.          0.        ]"
2023-01-17,"[ 0.          0.          0.          0.          0.          0.
  0.          0.          0.          0.          0.          0.
  0.          0.          0.          0.          0.         22.24316762
 18.27214344  4.49032446  0.          0.          0.          0.        ]"
2023-01-18,[0. 0. 0. 0. 0. 0. 0. 0. 0. 0. 0. 0. 0. 0. 0. 0. 0. 0. 0. 0. 0. 0. 0. 0.]
2023-01-19,"[ 0.          0.          0.          0.          0.          0.
  0.         29.03570304 29.52172264 28.77216063 28.78927399 29.0083285
 29.0185931  30.11042587 31.6437869  32.8588359  34.76868415 37.32884031
 36.4149934  34.55305573 31.92444611 28.71397518  0.          0.        ]"
2023-01-20,"[ 0.          0.          0.          0.          0.          0.
  0.         25.04362716 25.99596469 26.40852312 26.62298081 26.83198618
 26.78654841 26.6375185  26.49030783 26.71021783 27.73525107 28.91113347
 28.28956785 27.31905957 26.07411634 24.69649468  0.          0.        ]"
2023-01-21,"[ 0.          0.          0.          0.          0.          0.
  0.         12.23887096 13.91639343 13.71880904 12.66502562 12.15362685
 11.66160685 11.82044533 12.47518964 14.79971189 18.54219659 22.53649678
 22.28467741 20.78923089 18.92186468 16.73681764 13.95901355  0.        ]"
2023-01-22,"[ 0.          0.          0.          0.          0.          0.
  0.          0.         14.82854603 15.32852699 15.26559626 15.79004464
 16.24457311 16.63267099 17.37039648 18.89480678 21.32126733 23.62885211
 22.70931314 20.80729399 18.5906177  15.6641727   0.          0.        ]"
2023-01-23,"[ 0.          0.          0.          0.          0.          0.
 21.81431066 23.79409518 24.93806238 25.44883412 25.79498404 26.00182509
 25.8034245  25.74854986 25.41295528 25.49315977 25.84986079 27.46028253
 26.94950868 25.66201132 23.94605947 21.83118948  0.          0.        ]"
2023-01-24,"[ 0.          0.          0.          0.          0.          0.
 20.59774433 23.33084106 23.19218015 21.49747647 19.88288004 18.40386939
  0.          0.         19.09099595 20.84116584 23.83001231 27.23483226
 27.23175097 25.8513322  23.80535895 21.19243234  0.          0.        ]"
2023-01-25,"[ 0.          0.          0.          0.          0.          0.
 22.88621255 26.40425975 27.96585809 28.18284606 28.65239734 29.01166893
 28.97609714 28.89428556 28.5527963  29.01167249 30.5803852  32.94947401
 31.69734319 29.26067151 26.16592515 22.37753584  0.          0.        ]"
2023-01-26,"[ 0.          0.          0.          0.          0.          0.
  0.         29.69821736 30.74747224 30.07295639 29.42240565 29.67423425
 29.7371929  29.76716879 30.00999773 30.8853811  32.8430021  35.74795279
 35.46315041 33.67341714 31.81472345 29.37444243  0.          0.        ]"
2023-01-27,"[ 0.          0.          0.          0.          0.          0.
 26.14074953 27.72628173 27.16357899  0.          0.          0.
  0.          0.          0.         27.92850596 30.7801164  33.63172976
 33.27710981 31.78243065 30.01226454 27.97246418  0.          0.        ]"
2023-01-28,"[ 0.          0.          0.          0.          0.          0.
  0.          0.          0.          0.          0.          0.
  0.          0.          0.          0.         18.90648785 22.24392451
 21.77038241 19.99626097 18.68269515  0.          0.          0.        ]"
2023-01-29,"[ 0.          0.          0.          0.          0.          0.
  0.          0.          0.          0.          0.          0.
  0.          0.          0.          0.         14.86470698 17.69466406
 16.71892919 14.67646171 12.76577219  0.          0.          0.        ]"
2023-01-30,"[ 0.          0.          0.          0.          0.          0.
  0.         31.15509666 31.18860817 31.55330303  0.          0.
  0.         31.62328502 31.36701296 30.70760522 29.99497272 28.93538531
 29.10787612 29.71307345 30.44936281 31.39066982  0.          0.        ]"
2023-01-31,"[ 0.          0.          0.          0.          0.          0.
 15.16057237 17.95459847 16.83388871 13.3867677   0.          0.
  0.          0.          0.         14.63886625 19.79409173 24.58544228
 25.20091344 24.65561985 22.22872028 19.2260156  15.77502624  0.        ]"
2023-02-01,"[ 0.          0.          0.          0.          0.         33.03371561
 39.86976011 43.06934293 41.49659822 36.96141875 33.39569749 31.55666726
  0.          0.         33.09196141 36.5744726  41.30104895 46.51442021
 47.02202698 45.2245997  42.3703476  38.83790371 34.49828599  0.        ]"
2023-02-02,"[ 0.          0.          0.          0.          0.         30.38344279
 51.5674962  61.50909536 57.1818902  47.13076928 34.40938779  0.
  0.          0.          0.         31.32830422 48.23994074 65.27483374
 66.08275873 59.38656687 49.3217523  37.83278507  0.          0.        ]"
2023-02-03,"[  0.           0.           0.           0.           0.
  11.02134679  53.47416583  63.83156989  63.31712102  41.60565633
  29.13795684  23.4033988   23.31780838  26.76995526  45.00074293
  72.52439272  90.6263255  103.30605898  96.36451366 119.08255099
 101.1217952   90.69811254  84.71607038  68.98387183]"
2023-02-04,"[186.80960032 184.20468456 179.98055394 183.72950507 186.19358127
 191.7729362  199.65799764 181.31425227 199.28835101 185.1727321
 120.70900291 108.24778236  91.56351409  73.96630077  77.0815795
 119.65291745 192.10734654 200.81214172 225.81718598 195.83540944
 200.18597876 190.45289538 133.62461422 116.43201785]"
2023-02-05,"[60.44789109 45.66788848 36.83852121 34.6902619   0.          0.
 40.10387537 49.706616   50.75926306 45.32414551 38.514142    0.
  0.          0.         35.69996526 50.32958972 74.02486848 95.87266572
 97.72019021 82.42458389 69.23429317 51.74744086  0.          0.        ]"
2023-02-06,"[ 0.          0.          0.          0.          0.          0.
 12.54467642 25.55522966 14.76057347  0.          0.          0.
  0.          0.          0.          0.         18.15548907 42.91617983
 47.49017497 38.42348018 26.36840829  9.45469519  0.          0.        ]"
2023-02-07,"[ 0.          0.          0.          0.          0.          0.
 14.39362115 21.23773321 16.25728387  6.14643618  0.          0.
  0.          0.          1.46587415  9.03829928 21.35555029 32.82663903
 32.85878167 26.87153182 18.84923824  9.02761006  0.          0.        ]"
2023-02-08,"[0.         0.         0.         0.         0.         0.
 0.         0.         0.         0.         0.         0.
 0.         0.         0.         0.         0.         4.57564895
 8.2129188  3.19731874 0.         0.         0.         0.        ]"
2023-02-09,"[ 0.          0.          0.          0.          0.          0.
 14.86293663 20.47203681 19.77449486 18.26434532 16.98432708 17.28634836
 17.48050952 17.46613441 17.64591326 18.63828533 23.24782228 25.63292974
 25.55384143 22.12599505 15.96317601  8.97338145  0.          0.        ]"
2023-02-10,"[ 0.          0.          0.          0.          0.          0.
  0.          9.77474106  0.          0.          0.          0.
  0.          0.          0.          0.          0.         13.64467062
 14.99464605 12.60175372  9.40945359  0.          0.          0.        ]"
2023-02-11,"[ 0.          0.          0.          0.          0.          0.
  0.          0.          0.          0.          0.          0.
  0.          0.          0.          0.          6.25214923 13.42267291
 15.39805627 13.88930135 11.42653496  8.78748671  0.          0.        ]"
2023-02-12,"[ 0.          0.          0.          0.          0.          0.
  0.          0.          0.          0.          0.          0.
  0.          0.          0.         14.26284701 17.70373799 21.42749457
 20.31037225 19.03927275 17.3993928  15.02908438  0.          0.        ]"
2023-02-13,"[ 0.          0.          0.          0.          0.          0.
 20.62431866 21.51034601 21.1444936  20.31027222 19.88506698  0.
  0.          0.          0.         20.25631216 21.49631531 22.74710832
 22.89172126 22.40500157 21.70460113 20.78512071 19.69620787  0.        ]"
2023-02-14,"[ 0.          0.          0.          0.          0.          0.
 16.22298036 17.24319588 15.92910652  0.          0.          0.
  0.          0.          0.          0.         16.72557259 19.31535213
 19.92147203 19.36043531 18.39532311 17.08791106 15.45823615  0.        ]"
2023-02-15,"[ 0.          0.          0.          0.          0.          0.
 22.07735829 22.11368146 22.10257449 22.06877287  0.          0.
  0.          0.          0.          0.         22.06661155 22.1409389
 22.14880386 22.1234677  22.08348213  0.          0.          0.        ]"
2023-02-16,"[ 0.          0.          0.          0.          0.          0.
  0.          0.          0.          0.          0.          0.
  0.          0.          0.         19.51745004 20.21037849 21.03767711
 21.197517   20.89013516 20.32279274 19.60439543  0.          0.        ]"
2023-02-17,"[ 0.          0.          0.          0.          0.          0.
  0.          8.92002788 10.04748601 10.50641421 11.03762235 11.00148238
 10.74491781 10.02219056  9.45123602  9.54157693 10.93644054 13.89600504
 14.43443685 13.03957324 11.04484963  9.11877787  0.          0.        ]"
2023-02-18,"[ 0.          0.          0.          0.          0.          0.
  0.          0.          0.          0.          0.          0.
  0.          0.          0.          0.          0.         14.05824936
 15.31528249 13.69447077 11.96560494  9.91978398  0.          0.        ]"
2023-02-19,"[ 0.          0.          0.          0.          0.          0.
  0.          0.          0.          0.          0.          0.
  0.          0.          0.          0.          8.63369435 11.71341435
 12.64481623 10.31808512  8.03417027  0.          0.          0.        ]"
2023-02-20,"[ 0.          0.          0.          0.          0.          0.
  0.          0.          0.          0.          0.          0.
  0.          0.          0.          0.         21.26098847 21.992673
 22.16483488 21.68814281 21.17977961  0.          0.          0.        ]"
2023-02-21,"[ 0.          0.          0.          0.          0.          0.
 18.63467052 19.71375894 19.72679344 19.48924801 19.36613361 19.34295713
 19.50807917 19.65437294 19.78183267 20.0961468  20.92320685 20.20920594
 20.83494671 21.64162819 20.68421154 19.57036349  0.          0.        ]"
2023-02-22,"[ 0.          0.          0.          0.          0.          0.
 18.44584719 19.04633482 18.51179124 17.6685851   0.          0.
 17.67419853 18.05440873 18.36447569 19.16278425 19.97372267 21.36378715
 22.10197403 21.25887544 20.48581816 19.35219136 17.93235008  0.        ]"
2023-02-23,"[ 0.          0.          0.          0.          0.          0.
 19.1907971  19.91069119 20.23511394 20.5056089  20.63571955 20.69135933
 20.61432049 20.62972757 20.68536821 20.77867014 21.15359841 21.80329906
 21.93426827 21.42666051 20.75983907 19.98088207 19.13943815  0.        ]"
2023-02-24,"[ 0.          0.          0.          0.          0.          0.
 16.04592344 17.8146462  16.32823255 14.99367028  0.          0.
  0.          0.          0.         15.37008742 17.40187079 26.7075816
 22.13676604 20.71705146 26.49617644 18.4648197  16.98909966 15.45349543]"
2023-02-25,"[85.71389565 85.00851368 84.62722123 84.68759203 85.57726382 87.32802022
 89.28847937 91.32519954 92.98063681 93.82264108 94.29608161 94.87437033
 94.648771   94.83941564 94.80764153 95.03006027 96.37728235 94.23605016
 65.59817332 97.813952   95.95786098 93.76545404 91.15997419 89.03111229]"
2023-02-26,"[ 0.          0.          0.          0.          0.          0.
  0.          9.36766045 22.00890734 30.92780456 34.20785801 34.3184597
 29.01131045 25.98916793 22.59858649 28.79018077 52.93017119 87.35269187
 92.62294932 79.72379151 56.06287855 32.07023421  0.          0.        ]"
2023-02-27,"[ 0.          0.          0.          0.          0.          0.
 25.18229151 36.22030106 28.64196738 20.09581572 15.56529418 12.08504572
  8.08996761  8.41947918 14.80336688 27.07688523 42.93365915 66.12156615
 75.6973977  60.99384221 46.94935104 27.5505491   4.8362442   0.        ]"
2023-02-28,"[ 58.24134456   0.           0.           0.           0.
  64.47601954  76.80889963  84.42904511  88.53299727  90.11791406
  90.81063356  91.41942651  90.34882756  89.66657263  87.6303459
  87.6303459   90.48527644  98.94509688 101.10729742  95.98522665
  87.71429346  79.08654642  69.0732869   60.4350333 ]"
2023-03-01,"[ 0.          0.          0.          0.         69.16712993 72.02730191
 75.75708927 77.91811246 76.54291588 75.18794856 72.98936459 71.60838987
 71.09991094 71.19525309 73.32160746 75.75420309 77.90944814 80.41449466
 81.30432774 94.79244555 75.27959097 75.7802047  72.75245809 70.16096659]"
2023-03-02,"[ 0.          0.          0.          0.          0.          0.
 14.30414953 20.0366979  20.88936422 19.21450625 16.31397757 12.49227358
  8.10721845  0.          0.          0.         16.00945171 24.15532241
 27.09392348 23.63002843 18.3923146  11.7766557   0.          0.        ]"
2023-03-03,"[ 0.          0.          0.          0.          0.          0.
 44.71343012 42.09746291 44.85084501  0.          0.          0.
  0.          0.          0.         42.65220681 38.67226451 34.5650862
 32.87539203 35.42012235 38.10225738 41.84299598  0.          0.        ]"
2023-03-04,"[ 0.          0.          0.          0.          0.          0.
  0.          0.         23.42508742 25.8851242  26.42727243 26.79078752
 26.77512163 26.48681472 26.33638896 26.58395954 28.13519919 30.1376942
 30.86787385 29.72089816 27.6243796  25.59681415 23.13364044  0.        ]"
2023-03-05,"[ 0.          0.          0.          0.          0.          0.
  0.          0.          0.          0.          0.          0.
  0.          0.          0.          0.         20.1293523  23.87858612
 25.46957559 24.33506919 22.01571534  0.          0.          0.        ]"
2023-03-06,"[ 0.          0.          0.          0.          0.          0.
 11.01441099 11.69671715  0.          0.          0.          0.
  0.          0.          0.          0.         13.36049447 20.36725385
 22.89179188 21.01283094 18.00017634 13.97457001  0.          0.        ]"
2023-03-07,"[ 0.          0.          0.          0.          0.          0.
 16.70647714 17.36090305 14.85866656  0.          0.          0.
 15.03714827 15.73007723 17.09843696 18.46329704 21.09152762 24.34261233
 26.53255121 24.50359583 22.37239281 19.3592017  15.71257203  0.        ]"
2023-03-08,"[ 0.          0.          0.          0.          0.          0.
  9.00748383 12.14644542  7.9129706   4.45048258  0.          0.
  3.38351098  3.82406011  5.73084849  7.88544274 12.80728632 19.67030919
 22.3962564  19.84928507 16.38680393 10.98997212  4.10629819  0.        ]"
2023-03-09,"[ 0.          0.          0.          0.          0.          0.
 29.74697668 31.02541354 28.86636156 25.84986855  0.          0.
  0.          0.          0.         27.61496113 32.07597192 35.52119318
 37.18585701 35.91901106 33.82562284 30.85161565 27.05878316  0.        ]"
2023-03-10,"[ 0.          0.          0.          0.          0.          0.
 14.11483048 14.33803843 10.42829928  0.          0.          0.
  0.          0.          0.         11.01152003 14.48925101 18.52138732
 19.91823343 18.08217168 16.34691352 14.00323371 11.30673414  0.        ]"
2023-03-11,"[ 0.          0.          0.          0.          0.          0.
  0.          0.          0.          0.          0.          0.
  0.          0.          0.          0.         16.16533382 18.30350267
 19.23666437 18.20156063 16.74561664 15.31581947  0.          0.        ]"
2023-03-12,"[ 0.          0.          0.          0.          0.          0.
  0.          0.          0.          0.          0.          0.
  0.          0.          0.          0.          0.         31.29375307
 30.44613544 30.42976296 31.07606874 31.83410869  0.          0.        ]"
2023-03-13,"[ 0.          0.          0.          0.          0.          0.
 10.11550292 13.2994966  13.62657386 12.91234726 12.71876758 12.20145151
 11.48388738 11.33035798 10.78634172 11.01663749 12.24150178 14.18394355
 15.79597054 15.95950249 13.886904   10.92652103  0.          0.        ]"
2023-03-14,"[ 0.          0.          0.          0.          0.          0.
 15.29560049 19.85034038 20.62717328 20.45861154 19.94927298 19.83934379
 18.93792448 18.4945471  17.88627227 17.79099298 18.80600946 20.78107414
 21.98296656 22.63521306 19.79170781 16.6294116   0.          0.        ]"
2023-03-15,"[ 0.          0.          0.          0.          0.          0.
  0.         19.01444647 18.2002231   0.          0.          0.
  0.          0.          0.          0.          0.         18.76841921
 20.78347268 21.57719989 19.86381617 17.59394886  0.          0.        ]"
2023-03-16,"[ 0.          0.          0.          0.          0.          0.
  0.         23.79001769  0.          0.          0.          0.
  0.          0.          0.          0.          0.         22.99195554
 24.61235072 25.50207978 24.28881092  0.          0.          0.        ]"
2023-03-17,"[ 0.          0.          0.          0.          0.          0.
 21.21814918 21.99952237 21.82426803 21.49342538 21.24721476 20.98048837
  0.          0.          0.          0.          0.         21.18566232
 21.38912818 21.54129864 21.17796997  0.          0.          0.        ]"
2023-03-18,"[ 0.          0.          0.          0.          0.          0.
  0.          0.          0.          0.          0.          0.
  0.          0.          0.          0.          0.          0.
 11.52859748 12.8729129  12.01298916  0.          0.          0.        ]"
2023-03-19,"[ 0.          0.          0.          0.          0.          0.
  0.          0.          0.          0.          0.          0.
  0.          0.          0.          0.          0.         19.76773685
 21.58462228 22.86771325 22.105879   20.39424984  0.          0.        ]"
2023-03-20,"[ 0.          0.          0.          0.          0.          0.
 20.87650739 22.61569251 19.78682839  0.          0.          0.
  0.          0.          0.          0.          0.          0.
 21.44281431 23.31888264 22.38755563 20.34508889  0.          0.        ]"
2023-03-21,"[ 0.          0.          0.          0.          0.          0.
 21.14652547 21.6183358  20.77922366  0.          0.          0.
  0.          0.          0.          0.          0.         19.91576104
 20.85938069 21.4387445  21.10390933 20.39670217  0.          0.        ]"
2023-03-22,"[ 0.          0.          0.          0.          0.          0.
 21.42583573 20.73543047 21.61879667  0.          0.          0.
  0.          0.          0.          0.         22.42362174 21.21929557
 20.49107618 20.30877673 20.77712715 21.55770762 22.52349848  0.        ]"
2023-03-23,"[ 0.          0.          0.          0.          0.          0.
 17.51091197 18.17505852 18.33400039 18.33886593 18.26750383 18.19857693
 18.08342414 18.08342495 18.00882077 18.09558962 18.3169718  18.66404798
 18.75486982 18.82542018 18.41103815 17.65931264  0.          0.        ]"
2023-03-24,"[ 0.          0.          0.          0.          0.          0.
  0.         21.68501898 21.75063133  0.          0.          0.
  0.          0.          0.          0.          0.         21.80360791
 21.64978258 21.52827753 21.60482556 21.75184662  0.          0.        ]"
2023-03-25,"[ 0.          0.          0.          0.          0.          0.
 17.72706508 18.21109742 18.67180198 19.02850589 18.99254566 19.09168365
 19.21511942 19.03142174 18.94686301 18.98185226 19.22872867 19.59320916
 19.68165666 19.71081712 19.12278509 18.48129676 17.71734557  0.        ]"
2023-03-26,"[ 0.          0.          0.          0.          0.          0.
  0.          0.          0.          0.          0.          0.
  0.          0.          0.          0.          0.          0.
 19.55478682 19.89889089 19.71179313 19.26890635  0.          0.        ]"
2023-03-27,"[ 0.          0.          0.          0.          0.          0.
 15.22389675 16.12502393 15.25259155  0.          0.          0.
  0.          0.          0.         14.1942583  15.83492709 17.92710391
 20.88217651 21.23326407 18.36765341 16.27693755 14.75971287  0.        ]"
2023-03-28,"[ 0.          0.          0.          0.          0.         14.34458409
 16.88991443 17.73314777 17.8554361  17.52553817 17.31082012 17.17857513
 16.8657423  16.6112104  16.47469949 16.59130277 17.15582781 18.15689598
 19.47617596 19.49888486 18.28345023 17.00794111 15.57743399 14.35595846]"
2023-03-29,"[ 0.          0.          0.          0.          0.         15.3325966
 17.70887895 18.44283643 16.53455252  0.          0.          0.
  0.          0.          0.          0.          0.         16.51555606
 18.40311311 19.2406859  18.36857755 16.87130789 15.03383068  0.        ]"
2023-03-30,"[ 0.          0.          0.          0.          0.         16.12713023
 18.72004543 20.09434698 17.37345832  0.          0.          0.
  0.          0.          0.          0.          0.         17.22805479
 19.76518971 20.25900583 19.86113585 19.39608438 17.23124891 15.86508143]"
2023-03-31,"[19.05282713 18.63024469  0.         18.60288162 19.16531502 20.2673736
 20.20047521 21.15829128 22.56575756 21.94173836 20.2410225  19.79918858
 19.74598794 20.23697188 21.47963065 21.15164501 20.33424127 20.70213298
 21.09292605 21.15221093 22.63183298 21.30365363 21.07984799 19.62893978]"
2023-04-01,"[11.17809462  9.63009021  0.          0.          0.          0.
 11.16001407 12.92141523 15.02279505 16.35017266 16.62504833 15.84019201
 14.88897585 13.50372168 12.15825629 11.61211816 12.93949216 15.40256248
 17.41351787 18.33219338 17.55096113 15.50745425 12.74056998  9.94113782]"
2023-04-02,"[ 0.          0.          0.          0.          0.          0.
  0.          0.          0.          0.          0.          0.
  0.          0.          0.          0.          0.         16.41535953
 18.78661137 20.54111729 20.46931702 19.30946279 17.84952209 16.5976236 ]"
2023-04-03,"[24.02824674 24.02811888 24.02811888 24.02883117 32.46056224 26.20035566
 24.68852919 24.69406298 23.20547575 32.46226072 22.29846415 22.28860196
  0.          0.          0.          0.         22.29727702 32.4735657
 23.20912838 23.22247887 23.21380382 26.19871194 32.46061703 24.02707788]"
2023-04-04,"[15.38329801  0.          0.          0.         15.57308095 18.03188643
 20.51194502 21.53118767 22.06955955 20.62079391 20.16136547 18.95009817
 18.0290955  17.88954643 17.87559459 18.91103358 20.48415072 21.82950553
 22.22333164 22.15124933 22.21495887 20.9671123  19.5557374  17.08576543]"
2023-04-05,"[ 0.          0.          0.          0.          0.         16.44648041
 19.40948689 20.69071325 21.62861053 22.03223066 22.33553077 22.31219766
 22.26087462 22.22121229 22.10922222 22.20254767 22.71815553 20.18185854
 20.58081018 20.68580568 19.85755839 21.39530041 19.71745316 17.47769847]"
2023-04-06,"[20.12835475  0.          0.          0.         20.09136675 20.22512997
 21.23048187 21.37759014 21.43944981 21.38843165 21.29978777 21.13095353
 20.30468625 20.28443858 20.27981506 20.3097879  21.27220592 21.37392337
 21.43004365 21.43913094 21.38301097 21.23685914 20.27136502 20.12102105]"
2023-04-07,"[20.22826112  0.          0.          0.          0.         20.26901893
 20.45171135 20.51557467 20.40406504 20.27275013  0.          0.
  0.          0.          0.          0.         20.3285767  20.4730947
 20.6052704  23.03728157 23.02809685 20.55862869 20.45171135 20.3483817 ]"
2023-04-08,"[19.62976258 18.83823394  0.         18.86286649 19.67153191 20.59859558
 21.32106951 21.52134291 20.99355983  0.          0.          0.
  0.          0.          0.          0.          0.         21.68483608
 23.97351746 24.51447847 24.54874878 24.09251205 22.95119558 21.29857999]"
2023-04-09,"[20.01904289 20.02041884 19.78999443 19.83581304 20.02176906 20.0096102
 20.29124333 20.20095902 19.57573765  0.          0.          0.
  0.          0.          0.          0.          0.         20.63351382
 21.95437508 23.28274898 24.48091498 21.98941078 22.11697041 19.98939595]"
2023-04-10,"[16.95179878 16.5583943  16.49364313 16.53582788 16.93413964 18.97033765
 23.64253925 24.6612139  21.03741875 17.23434029 16.36414373  0.
  0.          0.          0.          0.         17.00772136 20.84612691
 25.43423356 29.43924957 24.5776643  21.80037636 18.96814112 17.0979792 ]"
2023-04-11,"[ 0.          0.          0.          0.          0.         16.76917714
 20.2168705  21.61029    20.05509399 17.91221832 16.13798091  0.
  0.          0.          0.         15.46700358 17.79022292 20.68628492
 23.19257873 23.25353909 23.41800766 19.78723454 17.05029432  0.        ]"
2023-04-12,"[ 0.          0.          0.          0.          0.          0.
 20.22256102 21.01109593 20.11553161 19.13924837  0.          0.
  0.          0.          0.          0.         20.22401025 21.60712617
 21.94898738 23.70736939 22.91034842 21.93335791 20.65369166 19.78287407]"
2023-04-13,"[19.18341724 18.75192288  0.          0.         18.81589104 19.61839961
 20.62367371 20.95194013 20.20345045 18.93917398  0.          0.
  0.         18.95894596 19.42649511 20.54687465 21.43487669 33.21417968
 34.25310576 30.76717635 33.53561161 23.98428343 20.40664607 19.86037635]"
2023-04-14,"[18.76257918 18.01371733 17.6484945   0.         17.87407118 19.09864698
 24.20567468 20.7128132  21.18486728 19.61886458 19.08483751 19.02192377
 19.30581359 19.7707841  20.05774609 21.15278967 22.57788396 27.43479033
 28.06837325 28.67790131 27.59786243 21.66048098 23.46061491 20.10531733]"
2023-04-15,"[18.66165612 18.11636934 17.71577648 17.49605806 17.53088943 17.83501743
 18.14450453 18.60002665 18.6348607  18.51428265 18.15120472 17.85109335
 17.76267248 17.79080767 17.96095456 18.51830062 19.48963591 21.73353173
 23.29965477 25.84352424 24.98370069 21.91777769 19.60753709 18.72864333]"
2023-04-16,"[19.54639333 19.19242267 18.9979753  18.91302351 18.88564985 19.00741543
 19.19808712 19.5492232  20.02967999 20.34683686 20.41762986 20.29303346
 20.20053032 20.07687595 20.00891377 20.28359427 20.86410367 23.50672353
 28.35329457 24.76195789 25.91939283 22.9702682  20.61962858 19.89375467]"
2023-04-17,"[17.30936213 16.90916889 16.72852611 16.75353819 17.10231771 18.09168293
 19.31310742 20.34416361 23.11296486 24.08506944 23.17191186 24.24111377
 22.98222502 21.57694803 21.21425042 21.30282033 21.76251848 21.83861163
 28.39227595 25.97143901 26.42294793 20.54368156 19.10745257 17.94994921]"
2023-04-18,"[14.07913436 12.64880497 11.85875657 12.08596888 13.82096062 18.03451939
 23.83849198 22.27472565 23.68359187 20.90036766 19.84180783 19.75402525
 19.43388734 19.40805861 19.24798965 20.46145992 23.43057149 22.89834116
 29.34852701 33.81183153 31.11450085 24.10325211 24.01406231 19.5216596 ]"
2023-04-19,"[14.60803791 13.67784644 13.31803026 13.43529835 14.26421622 16.39911757
 19.21901299 20.37842335 18.44340655 16.48974328 15.30901047 14.76528824
 14.18158643 13.94437695 13.71782069 14.37349373 16.33782089 19.14705242
 20.71581444 25.5026961  24.9749657  20.28513501 17.73443807 15.52223754]"
2023-04-20,"[ 0.          0.          0.          0.          2.36235985  7.02328792
 13.28860671 15.37705357 11.13491239  5.55485799  0.          0.
  0.          0.          0.          0.          3.53710814 11.45578727
 16.5626846  20.10867864 19.81499157 16.18741778 11.15665611  6.68064212]"
2023-04-21,"[ 8.31830718  0.          0.          0.          0.         11.6919684
 16.84825867 18.85970143 14.51755161  8.33425496  0.          0.
  0.          0.          0.          0.          9.36126134 16.32146034
 20.28578552 22.04699315 21.60532416 18.95015734 14.70911658 10.50000862]"
2023-04-22,"[ 5.34588543  0.          0.          0.          0.          0.
  5.59994102  7.99684812 10.22254757 10.78588148  9.60951924  7.49428187
  5.56680958  0.          0.          5.71592592  9.42725489 13.31533092
 15.43609665 16.54618496 16.352886   13.44787878  9.59847911  6.13013797]"
2023-04-23,"[ 0.          0.          0.          0.          0.          0.
  0.          0.         19.94147647 20.35168621 20.59796454 20.69556091
 20.68183642 20.57813952 20.45004428 20.52171738 20.79925629 21.24835284
 21.48929464 21.59146431 21.52207939 20.98377366 20.34939956 19.79203127]"
2023-04-24,"[ 0.          0.          0.          0.          0.         18.19972485
 19.81913829 20.78614142 20.5619584  20.78219804 20.29234259 19.92297932
 19.58253548 19.4865799  19.42085559 19.83359866 20.6586388  21.43003359
 22.41740176 22.68554898 22.4673473  20.73546581 19.72712477 18.55068436]"
2023-04-25,"[23.3546761   0.          0.          0.          0.         23.49720859
 23.25808277 23.35007453 23.68063572 23.57545738 23.47415513 23.43735847
 23.44954998 23.46262861 23.49055856 23.59075247 22.51568118 28.22326555
 28.34872939 28.42010647 28.38973796 28.22215721 23.72552681 23.53999051]"
2023-04-26,"[26.46777474  0.          0.          0.         26.64121121 25.49138099
 23.59640939 22.7870349  23.32501413 24.35118782 25.2167723  25.74672359
 25.92497618 25.91373643 25.73708493 25.13005326 23.92080604 22.60235386
 23.83529211 24.69299767 24.63445121 22.59432432 24.14723909 25.47853372]"
2023-04-27,"[26.90602544  0.          0.          0.          0.         26.05736746
 24.25470477 24.22343286 23.92077355 23.65975042 24.23838288 24.71464488
 25.1656785  25.31997901 25.43273964 25.1493581  24.49950933 23.48022598
 24.79264929 23.63193559 24.43457026 23.57646703 24.80959699 26.14935667]"
2023-04-28,"[ 0.          0.          0.          0.          0.          0.
 23.53883702 22.86016943 23.48267976 24.42779321  0.          0.
  0.          0.          0.          0.         23.83635337 22.93185954
 22.32488685 21.99510994 21.97838225 22.6928925  23.65473484  0.        ]"
2023-04-29,"[ 0.          0.          0.          0.          0.          0.
  0.          0.         21.64731615 21.77697672 21.81046564 21.78985691
 21.73790681 21.69711955 21.67951619 21.75722667 21.92595758 22.12001909
 22.204599   22.24195112 22.14363277 21.93926668 21.62456115  0.        ]"
2023-04-30,"[ 0.          0.          0.          0.          0.          0.
  0.          0.          0.         21.73640666 21.87219364 21.92785028
 21.94798194 21.9089036  21.87693041 21.90692955 22.03561177 22.19824123
 22.23692444 22.28152902 22.05811142 21.80666755  0.          0.        ]"
2023-05-01,"[ 0.          0.          0.          0.          0.          0.
 15.4041517  16.79282492 15.83998976  0.          0.          0.
  0.          0.          0.          0.         17.20161095 18.97780581
 20.31310823 22.89489643 22.36887898 19.44386926 17.6825327  15.03143502]"
2023-05-02,"[ 0.          0.          0.          0.          0.         20.15366097
 23.13667437 24.27104216 24.63438308 24.63264294 23.8050721  21.57332025
 21.53822319 22.59386617 22.63843245 22.6057515  22.99843018 24.88977256
 26.17783964 26.92407172 26.45732277 24.56556286 21.47484003 20.33093774]"
2023-05-03,"[23.05567978  0.          0.          0.          0.         22.40724903
 22.05144048 22.83425355 22.72423271 23.27038765 23.12562247 22.61314349
 22.25990361 21.83429127 21.82560518 22.50021861 23.53965047 23.39085715
 24.01959385 27.31466406 24.1730538  22.92980047 21.54366849 22.42014029]"
2023-05-04,"[21.23340625 21.59155744 21.7481217  21.71025898 21.40122567 20.63580644
 22.72033119 25.79223081 24.57288079 26.263166   25.93978854 25.52537423
 24.63163105 24.1198883  23.53593959 23.98489182 24.83569397 24.8805512
 25.97624895 26.36241066 25.86008648 25.32546946 21.86472455 20.72687917]"
2023-05-05,"[17.56638909  0.          0.          0.          0.         18.79076
 22.13502785 24.06406974 24.3576868  23.90258197 23.53850339 22.89548845
 22.06162139 21.6329477  21.16316215 21.50082427 22.39634149 24.05232811
 25.7809345  25.79123183 25.57395737 24.20187842 22.01170992 19.58057907]"
2023-05-06,"[15.37792172  0.          0.          0.          0.          0.
  0.          0.          0.          0.          0.          0.
  0.          0.          0.          0.         15.33525242 16.948152
 18.49917896 19.2757645  19.59365079 18.70186027 17.16576543 15.65740564]"
2023-05-07,"[ 0.          0.          0.          0.          0.          0.
  0.          0.          0.          0.          0.          0.
  0.          0.          0.          0.          0.         14.75886188
 16.78892348 17.34971791 18.83819327 15.99988873 13.61060922 11.12990195]"
2023-05-08,"[ 0.          0.          0.          0.          0.          0.
 12.63552751 14.1922431  11.82555922  0.          0.          0.
  0.          0.          0.          0.          0.         14.98246002
 16.96584649 18.68405545 17.27442843 15.53333539 14.03024944  0.        ]"
2023-05-09,"[ 0.          0.          0.          0.          0.          0.
 15.89931605 17.12906526 14.93786937  0.          0.          0.
  0.          0.          0.          0.         15.63100713 18.86029023
 19.25375165 20.19975835 18.99502242 20.1673389  17.12906845 14.24793854]"
2023-05-10,"[ 0.          0.          0.          0.          0.          0.
 15.71153637 16.23509763 14.43520259  0.          0.          0.
  0.          0.          0.          0.          0.         16.47636768
 18.70089744 19.8734355  17.44659468 18.44756376 15.92867676  0.        ]"
2023-05-11,"[ 0.          0.          0.          0.          0.          0.
 14.34862895 15.29482959 13.80609753  0.          0.          0.
  0.          0.         12.84052722 15.08815096 17.2925539  21.60188261
 24.66181023 24.07781872 24.22960157 21.6793871  17.89853797 14.45196827]"
2023-05-12,"[ 0.          0.          0.          0.          0.          0.
 11.90250847 13.70675356 12.56145528  0.          0.          0.
  0.          0.         11.36595201 13.78206733 17.07363222 18.72849696
 21.08525043 21.35509599 24.44070003 17.12988441 15.78712298 12.46104843]"
2023-05-13,"[ 7.18248478  0.          0.          0.          0.          0.
  0.          0.          0.          0.          0.          0.
  0.          0.          0.          0.          0.         10.18763005
 12.7892946  13.45746725 13.93195793 11.83384782  9.06756182  0.        ]"
2023-05-14,"[ 0.          0.          0.          0.          0.          0.
  0.          0.          0.          0.          0.          0.
  0.          0.          0.          0.          0.          0.
 16.70374838 18.34157474 19.57760992 17.63614523  0.          0.        ]"
2023-05-15,"[ 0.          0.          0.          0.          0.          0.
 10.52873254 11.36924014 10.71922441  0.          0.          0.
  0.          0.          0.          0.         10.49151717 11.67771571
 13.78645187 12.64356593 13.00186662 12.64791903 10.62919162  0.        ]"
2023-05-16,"[ 0.          0.          0.          0.          0.          0.
  9.74082629 10.7471952   9.36898277  0.          0.          0.
  0.          0.          0.         10.07855914 13.06962646 16.23336422
 15.95731651 16.1961151  16.49973387 16.28112735 12.78989779  9.56002164]"
2023-05-17,"[11.81644681  0.          0.          0.          0.          0.
 15.00325989 16.48873188 14.0483136   0.          0.          0.
  0.          0.          0.          0.          0.         15.55573473
 20.44410182 19.74275899 21.38235777 20.8429108  16.25091001 13.10799885]"
2023-05-18,"[ 0.          0.          0.          0.          0.         16.49790475
 20.16107521 18.74769129 18.72630437  0.          0.          0.
  0.          0.          0.          0.         15.87856085 18.89232935
 22.90025853 22.76207762 23.84390935 22.57760068 19.85325574 16.37922736]"
2023-05-19,"[17.80000028  0.          0.          0.          0.         18.81634324
 20.47181698 23.33684419 21.22438448  0.          0.          0.
  0.          0.          0.          0.         18.75282204 23.69928496
 20.22186735 21.16168544 22.91018154 18.61091386 22.04268328 18.25212925]"
2023-05-20,"[ 0.          0.          0.          0.          0.          0.
  0.          0.         19.54348441 21.03512453 20.83383394 20.8994525
 22.77637454 20.89165509 20.87086612 22.77702486 23.37424831 22.06636536
 22.78607083 23.31567812 24.09381984 23.36905026 20.97795241  0.        ]"
2023-05-21,"[ 0.          0.          0.          0.          0.          0.
  0.          0.          0.          0.          0.          0.
  0.          0.          0.          0.          0.         17.09641273
 18.3318572  19.08419891 18.84435495 17.91822701 16.07685144  0.        ]"
2023-05-22,"[ 0.          0.          0.          0.          0.          0.
  0.         17.56445073  0.          0.          0.          0.
  0.          0.          0.          0.         18.38815309 18.9755203
 23.34506436 19.9498159  23.58772262 22.76229234 18.37702197  0.        ]"
2023-05-23,"[ 0.          0.          0.          0.          0.          0.
  0.          0.          0.          0.          0.          0.
  0.          0.          0.          0.          0.         16.52451098
 17.90390937 18.35061176 20.83796948 16.67547778  0.          0.        ]"
2023-05-24,"[ 0.          0.          0.          0.          0.          0.
  0.          0.          0.          0.          0.          0.
  0.          0.          0.          0.          0.         29.38542156
 29.91334681 30.16471378 30.30715398 29.23102933  0.          0.        ]"
2023-05-25,"[ 0.          0.          0.          0.          0.          0.
  0.          0.          0.          0.          0.          0.
  0.          0.          0.          0.          0.         18.02316982
 19.73664163 22.45063559 22.77400929 19.50355907  0.          0.        ]"
2023-05-26,"[ 0.          0.          0.          0.          0.          0.
  0.          0.          0.          0.          0.          0.
  0.          0.          0.          0.          0.         20.14993747
 19.57097444 19.88242055 18.06645819 19.24314073  0.          0.        ]"
2023-05-27,"[ 0.          0.          0.          0.          0.          0.
  0.          0.          0.          0.          0.          0.
  0.          0.          0.          0.          0.          0.
 14.94052671 15.27837011 15.56706885  0.          0.          0.        ]"
2023-05-28,"[ 0.          0.          0.          0.          0.          0.
  0.          0.          0.          0.          0.          0.
  0.          0.          0.          0.          0.         16.77871267
 17.86721276 15.80745961 19.11139917 17.1560031   0.          0.        ]"
2023-05-29,"[ 0.          0.          0.          0.          0.          0.
  0.          0.          0.          0.          0.          0.
  0.          0.          0.          0.          0.         15.13637633
 17.94245076 18.17564635 17.91895007 17.09161368  0.          0.        ]"
2023-05-30,"[ 0.          0.          0.          0.          0.          0.
  0.          0.          0.          0.          0.          0.
  0.          0.          0.          0.          0.         17.7439722
 19.25878731 19.95914718 19.35715612 18.29678082  0.          0.        ]"
2023-05-31,"[ 0.          0.          0.          0.          0.          0.
  0.          0.          0.          0.          0.          0.
  0.          0.          0.          0.          0.         18.70468991
 21.40229563 21.80771838 20.65605681 19.0878368   0.          0.        ]"
2023-06-01,"[ 0.          0.          0.          0.          0.          0.
  0.          0.          0.          0.          0.         19.89111959
 21.0175114  21.93812517 23.32625548 25.31003947 27.08153649 26.67472464
 27.18918326 27.17921427 26.15932082 25.76845433 23.91653086 21.43630238]"
2023-06-02,"[16.41070027  0.          0.          0.          0.          0.
 16.37696839 18.54614207 19.40976466 19.79435334 21.44400068 23.73517629
 24.67639334 30.16255618 38.42275249 40.284521   41.19828738 48.42907504
 40.83746587 31.74441058 31.04641992 24.94964218 20.55001636 16.37021796]"
2023-06-03,"[ 0.          0.          0.          0.          0.          0.
  0.          0.          0.          0.          0.          0.
  0.          0.          0.          0.          0.          0.
 23.39536672 24.43683243 23.65573671  0.          0.          0.        ]"
2023-06-04,"[ 0.          0.          0.          0.          0.          0.
  0.          0.          0.          0.          0.          0.
  0.          0.          0.          0.          0.          0.
 18.44717665 19.05469659 18.06456251  0.          0.          0.        ]"
2023-06-05,"[ 0.          0.          0.          0.          0.          0.
  0.          0.          0.          0.          0.          0.
  0.          0.          0.          0.          0.         18.14632933
 18.92094654 18.79163359 18.6434901  17.8312093   0.          0.        ]"
2023-06-06,"[ 0.          0.          0.          0.          0.          0.
  0.          0.          0.          0.          0.          0.
  0.          0.          0.          0.          9.53222848 11.8064742
 13.02377159 12.84706106 12.62782377 10.45829152  0.          0.        ]"
2023-06-07,"[ 0.          0.          0.          0.          0.          0.
  0.          0.          0.          0.          0.          0.
  0.          0.          8.85133526 10.48694536 12.72832689 15.39377063
 17.17072976 16.53970734 16.10556896 12.91511962  7.69025401  0.        ]"
2023-06-08,"[ 0.          0.          0.          0.          0.          0.
  0.          0.          0.          0.          0.          0.
  0.          0.          0.         10.03204554 11.56098237 13.20307433
 14.16072695 13.99238383 13.74675489 12.10466569  0.          0.        ]"
2023-06-09,"[ 0.          0.          0.          0.          0.          0.
  0.          9.68544201  9.97991832  9.61512203  0.          9.44150976
  9.5008485   9.59094439  9.782135   10.28757565 11.07650257 12.15550847
 12.53568993 12.48514367 12.39284582 11.42152075  9.60193443  0.        ]"
2023-06-10,"[ 0.          0.          0.          0.          0.          0.
  0.          0.          0.          0.          0.          0.
  0.          0.          0.          0.          0.         13.6987416
 14.47662531 14.60815955 14.67038872 14.15557207 13.10189655  0.        ]"
2023-06-11,"[ 0.          0.          0.          0.          0.          0.
  0.          0.          0.          0.          0.          0.
  0.          0.          0.         19.63989946 20.35854921 21.09416606
 21.50838722 21.65111984 21.48443425 20.93147197 19.93235057  0.        ]"
2023-06-12,"[ 0.          0.          0.          0.          0.          0.
  0.         13.49544284 13.83030113 13.68656569 13.3896129  13.61706647
 14.046698   14.4163059  15.16658156 15.93897218 16.73821319 17.57779642
 18.11259658 17.34612635 17.12519432 16.16326353 14.35628385 12.68356718]"
2023-06-13,"[ 0.          0.          0.          0.          0.          0.
 15.5123377  17.15260574 18.04232598 18.33831565 18.43169454 18.41583981
 18.22908378 18.40702888 18.45635844 18.84043797 19.63617097 21.68377998
 22.03614301 21.66792349 19.98873125 18.89858022 16.93061305  0.        ]"
2023-06-14,"[ 0.          0.          0.          0.          0.          0.
  0.         15.98373589 15.96196125 15.62864006 15.48794238 15.7659878
 16.51134885 17.23661023 17.95517674 18.49451786 19.19968125 19.89479313
 20.05224053 19.62847251 19.33367904 18.29519447 16.41755374  0.        ]"
2023-06-15,"[ 0.          0.          0.          0.          0.          0.
  0.         11.77051472 11.87648548 11.04352295 10.26231483  0.
 10.26478168 11.78529853 13.34771722 14.91506467 17.11082381 18.93692611
 19.69733117 19.07246942 18.50073351 16.98268103 14.01556637 10.89565775]"
2023-06-16,"[ 0.          0.          0.          0.          0.          0.
  0.         12.73254243 12.80965663 12.60099274 12.66109847 12.83120356
 13.23946234 13.97659307 14.85661398 15.51436468 16.22201013 17.21349704
 17.47659916 16.49304898 16.09726588 15.40549597 14.24309346 13.02966214]"
2023-06-17,"[ 0.          0.          0.          0.          0.          0.
  0.          0.          0.         10.65495413 10.71112663 10.65689105
 10.51937003 10.43608265 10.5038747  11.1527415  11.60597979 12.48728036
 12.85529436 12.18511955 11.92750975 11.26895838  0.          0.        ]"
2023-06-18,"[ 0.          0.          0.          0.          0.          0.
  0.          0.          0.          0.          0.          0.
  0.          0.          0.          0.         17.5249052  17.53102492
 17.53446178 17.53545396 17.53435859 17.53196152 17.52504013  0.        ]"
2023-06-19,"[ 0.          0.          0.          0.          0.          0.
  0.          0.          0.          0.          0.          0.
  0.         10.3480783  11.04637471 12.12116549 13.75753972 15.31188701
 15.93867302 15.48015171 14.94170046 13.56613862 11.32401147  0.        ]"
2023-06-20,"[ 0.          0.          0.          0.          0.          0.
  0.          9.10578656  9.69947007  9.41563731  9.27135803  9.33758804
  9.38252349  9.7231228  10.23402176 11.18249621 12.86657292 14.22187196
 14.71621401 14.2857367  13.7464521  12.28471578 10.04006938  0.        ]"
2023-06-21,"[ 0.          0.          0.          0.          0.          0.
  0.          0.          0.          0.          0.          0.
  0.          0.          7.30303217  8.24079859  9.70344503 11.35716039
 12.3102978  12.04016899 11.43622468  9.9691815   7.4853186   0.        ]"
2023-06-22,"[ 0.          0.          0.          0.          0.          0.
  0.          0.          0.          0.          0.          0.
  0.         12.93420279 13.54066558 14.3037027  15.3357824  16.18041133
 16.52223554 16.09661202 15.77022934 14.77342567  0.          0.        ]"
2023-06-23,"[ 0.          0.          0.          0.          0.          0.
  0.         11.03053361 12.35538917 12.93354795 13.4797033  13.98959266
 14.45467168 15.13096775 15.39977859 16.00140285 16.69689756 17.32839182
 17.63133523 17.03397995 16.40461697 15.50218485 13.64184104 11.69189788]"
2023-06-24,"[15.58179651  0.          0.          0.          0.          0.
  0.         15.81018204 18.2894658  19.66806712 20.79351211 21.43190633
 22.26245805 21.59150213 21.50620221 22.37527497 23.50651248 22.75456337
 31.84885645 23.33516915 22.42985736 23.72665392 21.12096156 18.60040507]"
2023-06-25,"[31.74560061 30.07560536 29.00928801 28.3153401   0.          0.
 28.37740074 29.78504876 31.47479339 32.51007196 34.01363187 35.67234618
 37.35362236 39.04336417 40.53203753 41.30705119 41.23039655 44.96394624
 44.13340949 44.74673402 44.11484111 38.09506948 40.34311763 36.44527753]"
2023-06-26,"[32.46254756 29.19719682 27.55506595  0.          0.         28.36100411
 32.13714079 35.73545816 37.89217382 38.27432491 39.0802555  40.21158151
 41.6418283  41.9974972  44.65192557 45.19704107 44.09611149 45.8744522
 44.87309385 44.92852806 42.62651029 44.39084947 38.45973057 34.32791742]"
2023-06-27,"[16.38227028 11.55453258  0.          0.          8.93266467 12.57039889
 22.35164702 32.01678757 37.27988273 41.75935575 42.1850287  45.2229141
 45.12617552 44.91332937 46.58708378 46.87731885 50.22165984 50.2891207
 52.13077298 50.03442254 45.70666502 41.8077202  30.36239249 19.08155615]"
2023-06-28,"[ 0.          0.          0.          0.          0.          0.
 43.47464947 45.71892102 47.06970139 47.62549454 48.0100877  48.44159008
 49.01379665 49.61414687 50.09254908 50.59205258 51.52540826 52.69796504
 53.20919409 52.11168548 50.97430767 49.47344033 46.71558995 43.87097053]"
2023-06-29,"[39.53012173  0.          0.          0.          0.          0.
 40.9061563  43.81907179 45.07715666 45.38453141 45.91707247 47.50398399
 49.1123474  50.67423647 52.63286057 61.69211368 64.65717955 60.43445594
 61.43163683 59.71733724 64.49634392 63.8734555  50.81362735 46.10650467]"
2023-06-30,"[20.10574733  0.          0.          0.          0.          0.
 17.86880457 24.27380958 27.66415848 28.83507569 30.85356701 34.63714598
 38.61295348 43.78588363 48.05477391 50.53235606 53.87421244 53.55258701
 53.59491934 53.80257863 51.44405915 48.73021367 41.02464866 30.04965696]"
2023-07-01,"[31.44039028  0.          0.          0.          0.          0.
  0.          0.          0.          0.          0.         31.38324255
 32.10612796 32.96330095 34.13477641 35.93483968 38.65493244 44.68144414
 42.13445351 41.40585362 42.16671011 38.72636066 36.10055694 33.06330161]"
2023-07-02,"[ 0.          0.          0.          0.          0.          0.
  0.          0.          0.          0.          9.70392325 11.99114153
 13.83505537 15.07533819 15.87704663 17.2635272  18.50380058 21.70589957
 22.86601673 22.5123192  21.95113131 20.1638036  15.90534206 11.46767144]"
2023-07-03,"[ 0.          0.          0.          0.          0.          0.
  0.         18.56571482 19.66980503 20.39803784 21.44575343 22.94450354
 23.64924496 24.72985084 25.83394339 28.37482798 30.1522602  30.29551133
 30.49518572 29.72701992 29.08972955 28.2848252  24.15196052 21.45280319]"
2023-07-04,"[74.50733303  0.          0.          0.          0.          0.
  0.         77.15740086 72.60180807 66.41830384 61.61032363 56.18399425
 53.53392642 49.53357331 45.15466432 38.97118533 31.72960808 31.85254619
 32.00340014 31.82965743 33.12662034 36.75016348 48.5240489  61.86271104]"
2023-07-05,"[84.49280127 97.29529492  0.          0.          0.          0.
 86.59580455 68.92319805 59.3858937  55.08768705 46.38049713 33.78088796
 31.90674696 38.28063834 35.532757   30.97670534 36.66815679 33.25652409
 33.61083229 37.12296416 34.60668975 31.06538129 38.19546981 34.22364394]"
2023-07-06,"[30.17824329 28.69819348 27.73046344 27.13879369 27.0801437  27.90124186
 29.42096667 31.30639314 36.6696251  34.7934894  37.09014984 39.76742743
 50.04914928 51.69991865 52.8453185  56.99137826 57.90825325 55.81277314
 58.48354624 57.3833002  55.79143881 51.09449397 39.47762746 37.58253557]"
2023-07-07,"[28.07255745 25.48956945 23.60083305 22.64887959 22.56399559 23.71300216
 26.56581268 29.60961902 31.41650614 32.03495968 33.40831358 35.28492933
 38.78499331 52.75147563 57.44845872 43.47184057 44.99374374 65.4634353
 65.29366731 44.89066967 42.96858479 52.49075725 35.10908888 31.02844508]"
2023-07-08,"[35.71949275 32.51185828 30.58075671 29.44886783 28.63158459 28.96790239
 30.08532976 31.73797403 34.09216968 36.63079931 37.57464878 39.83844101
 41.5851086  43.6536144  46.00600491 52.92426137 55.61900991 57.44727444
 57.70041414 54.58123085 54.94183523 46.85859255 41.55255845 37.37936958]"
2023-07-09,"[26.23694201 24.22675083 22.58881164 21.67678215 20.88573347  0.
 21.14010681 22.30961489 24.04062172 25.71888268 27.08073036 28.361919
 29.76409156 30.29145734 31.64089332 33.26331554 35.06566566 35.95533331
 37.59799489 36.42746531 35.68919815 33.57042546 30.31006715 26.76431089]"
2023-07-10,"[25.15910325 23.10485836 22.31349851 21.72327924 21.85846989 23.37524295
 26.64289639 30.13476846 32.20879405 33.916819   34.64552954 35.31462818
 35.49718377 36.81621857 36.80302594 37.12617115 38.946888   35.16818366
 39.09197064 37.22838516 35.08050767 33.68270178 29.43573722 25.40639991]"
2023-07-11,"[ 0.52947949  0.          0.          0.          0.          0.
  1.91606121  8.41110192 11.26535202 12.66815107 15.36832843 20.20920957
 24.41402446 25.19504514 30.909759   28.08748241 36.1522538  30.94158744
 34.40116691 37.6091164  36.37638461 28.97281021 28.90880562 23.58242234]"
2023-07-12,"[20.48657901 19.66253987 15.29840233 14.05250273 13.70663786 15.18049385
 20.45498888 20.4331108  22.28742679 23.85693428 24.19063913 24.24729688
 28.5527115  29.87500066 26.31744334 29.65426117 38.06629758 39.98211123
 40.30046412 38.74231405 35.73170575 27.21354779 29.29160071 22.11948213]"
2023-07-13,"[20.14110437 16.21154767 14.08663664 12.72668413 12.37254646 13.51054492
 17.62888893 24.05775409 21.51881689 23.30372799 24.90814327 25.22374573
 26.07781112 34.42732379 35.07964883 35.53507161 35.3965515  36.04163089
 36.12135845 35.5330556  35.41306365 34.33793335 24.91932681 23.98026808]"
2023-07-14,"[20.21898203 17.84359685 16.2622134  15.50128847 15.71633391 17.23155386
 20.02709828 23.0509248  25.39268031 25.975292   25.27588902 29.72702396
 30.63255627 29.92106824 25.68480274 26.0487235  26.78979177 29.72985596
 29.16743807 26.13804539 31.41662966 29.05212581 25.32982184 21.39675455]"
2023-07-15,"[20.26806344 17.96043785 16.80110305 15.94817143 15.67766062 16.0199396
 16.89219619 18.52630506 20.91673731 22.21408783 23.5859558  24.72596564
 25.83561478 27.43383404 28.48450568 33.53816464 30.58495216 32.66579978
 34.71665246 32.82589801 30.92447082 33.64581414 27.11916373 23.9199566 ]"
2023-07-16,"[18.94377311 16.66855834 16.04669879 15.82974383 15.57533293 15.53530062
 15.41778524 16.12289176 17.73348378 19.70217382 21.39278245 23.04231086
 23.45311612 23.7627977  23.65535399 27.36653513 27.18204284 28.85309086
 29.13432597 28.16164152 27.28948655 27.61262748 21.61398357 18.09373193]"
2023-07-17,"[16.99401087 16.06020341 15.40774275 14.73332769 15.0286317  16.21185102
 18.31690395 20.40998302 21.04050324 21.90846146 22.86820597 24.70130322
 24.22636008 27.47906653 31.14710903 36.30778702 39.90103868 43.07649639
 43.37418732 40.74235491 36.20990119 31.1514192  23.86538922 22.31949349]"
2023-07-18,"[20.80238589 18.44172113 16.94071023 16.15381928 16.28856042 17.37187649
 19.92117884 22.64294984 24.51135027 25.47971606 26.07309754 28.25452501
 30.49944434 32.76607772 33.27947691 34.75355036 36.3973862  37.62083305
 37.42411368 36.30576222 33.21210903 30.11408738 25.15235225 21.93690897]"
2023-07-19,"[17.02087151 14.9704506  13.4650804  12.5134067  12.73834996 13.87170627
 16.4239086  19.11165769 20.03449865 20.83909018 21.98109516 24.01625499
 27.25403121 31.87059086 26.94490677 33.11899047 30.59942426 32.03846589
 32.32973484 30.85320603 33.06131057 26.65982005 23.54413949 19.22124979]"
2023-07-20,"[19.36292594 17.9439028  16.92699273  0.          0.         17.10571302
 18.55690549 20.09567181 20.86058879 20.77480212 21.34134157 22.39578253
 24.00458123 28.02947564 28.18125811 29.81728728 31.92155977 32.70613222
 32.87412761 31.94657858 30.35880434 29.46039763 24.31376603 21.14832558]"
2023-07-21,"[17.90727642 16.65770755  0.          0.          0.         16.23409716
 17.42805695 19.00964641 19.95827035 20.45711329 20.83329404 21.27489397
 21.37466485 21.95928221 22.65818341 23.05071813 24.17156579 25.09620709
 24.02093263 24.86396065 24.15357298 22.877347   20.65665341 18.82155358]"
2023-07-22,"[18.73753384 17.9980849   0.          0.          0.          0.
  0.          0.         18.29017887 18.48425802 18.53762935 18.90541495
 19.29066493 19.79915738 20.20381741 20.8384616  21.78654964 24.1485179
 26.40448162 23.70932528 22.80858813 21.64972151 20.60459389 19.47116131]"
2023-07-23,"[13.70735183  0.          0.          0.          0.          0.
  0.          0.          0.          0.          0.         13.19921656
 14.78599425 16.51828935 18.13971525 20.66193923 23.61405268 22.65584744
 23.64996207 22.64026124 24.01211643 23.58865031 20.39401092 17.31745482]"
2023-07-24,"[10.07062704  0.          0.          0.          0.          0.
 10.25402793 12.92162543 14.4154819  15.05904061 16.81298816 19.22144468
 21.93672923 22.10674931 23.97340716 25.05771934 24.39833742 25.50824472
 25.51478116 24.86375459 24.64213974 24.23225009 22.12346129 16.3094785 ]"
2023-07-25,"[19.72568356 18.69842709 17.96899038  0.         17.79061005 18.55667778
 20.01236271 21.49830964 22.41090146 22.66731542 24.14604899 22.47615678
 23.36471466 25.82075811 29.32694208 30.58839997 32.18092635 34.83098279
 34.86688713 32.53141599 31.52096522 29.48594702 23.39036062 22.46173319]"
2023-07-26,"[22.91855013 20.4051294  18.85996817 17.87430604 18.07144311 19.4136722
 22.0169645  24.76810814 26.49011351 27.03511479 28.6411519  30.93961207
 34.802151   32.3243763  33.01767625 33.40571245 35.90160072 38.7787042
 38.95237725 37.44305761 35.00031769 33.55854147 34.98131584 28.49910723]"
2023-07-27,"[26.76229102 24.99858673 24.02038019 23.54698688 23.79206427 25.03838528
 27.02621617 29.36595634 31.22152823 27.42986424 27.45339077 28.59293617
 41.25291774 42.63329913 41.96508474 41.27737838 42.1655145  44.61535106
 44.46034407 43.8361331  40.86891954 42.53904149 28.23679596 29.44110835]"
2023-07-28,"[35.80301541 35.94829914 36.37783321 36.70302819 36.73425308 36.45551311
 35.81807005 39.07808825 38.74084352 39.30883646 39.63163705 41.7250724
 45.48484195 54.69187399 59.84578023 62.63930434 69.65938611 83.92518624
 84.28005385 65.11709989 63.01301448 58.73165499 45.09228615 39.1071867 ]"
2023-07-29,"[33.16885686 28.91544885 26.34990539 24.67048015 23.99111637 24.10504272
 25.23590914 28.38800094 31.81013352 35.31243946 38.35059226 40.82329918
 44.71499224 45.70218235 46.24102441 48.53492668 49.05815494 57.17477593
 49.10035145 45.95829515 43.0122483  38.05944057 33.32920359 28.29094053]"
2023-07-30,"[20.84772408 18.04317462  0.          0.          0.          0.
  0.          0.          0.          0.          0.          0.
  0.         17.69830288 19.73501745 22.30205867 25.54908599 29.0141036
 30.60508677 29.64203637 28.38942437 26.29414937 22.67295871 18.87282672]"
2023-07-31,"[ 0.          0.          0.          0.          0.          0.
  0.          0.          0.          0.          0.          0.
  0.         48.27409834 44.29838017 38.92170316 32.29551672 25.81249092
 24.54397607 25.47172193 28.56592035 34.08143804 42.0833407  49.78233828]"
2023-08-01,"[ 0.          0.          0.          0.          0.          0.
 62.36491351 55.59843304 56.10469759 61.40181192  0.          0.
 60.5868817  54.35132396 48.25160234 39.08964759 27.12482136 18.9692093
 23.59622803 21.9796135  20.63246098 28.42133324 43.27550129 56.93200012]"
2023-08-02,"[ 0.          0.          0.          0.          0.          0.
  4.76313271  9.65661269  9.44356323  6.8669829   6.68723572  7.95221029
 10.1958875  14.15061161 17.39296488 22.82573299 28.58180126 26.70595296
 30.8853221  27.97060388 27.46284825 26.89364629 18.77779974 11.00813195]"
2023-08-03,"[ 0.          0.          0.          0.          0.          0.
  0.         15.50687377 15.60436479 15.10716255 15.10520688 15.50492785
 16.19516035 17.36700238 18.24637331 19.41431375 20.84158224 21.57501899
 23.05569195 21.5184742  21.61175933 20.094803   17.91100226 15.80519628]"
2023-08-04,"[ 0.          0.          0.          0.          0.          0.
  0.         19.26230082 20.01571266 20.35089045 20.75725974 20.99900408
 21.15917677 21.30303839 21.6130021  22.04458398 24.62171746 24.42979038
 24.57958289 24.3615636  26.16193955 22.25666645 20.86997489 19.43730742]"
2023-08-05,"[ 0.          0.          0.          0.          0.          0.
  0.          0.          0.          0.          0.          0.
 17.79700989 18.41356624 19.10430698 20.34235872 22.02552009 24.86324897
 23.14811671 25.10558629 24.60443118 21.96122695 20.2830145  18.41686168]"
2023-08-06,"[ 0.          0.          0.          0.          0.          0.
  0.          0.          0.          0.          0.          0.
  0.          0.         18.54263088 19.92294773 21.74564039 23.32360667
 24.99002953 22.91777585 23.00415553 22.53157143 20.85785603 19.11877458]"
2023-08-07,"[ 0.          0.          0.          0.          0.          0.
 12.85031227 15.02527268 16.56092    19.09933268 18.07773848 20.36335578
 19.39384438 21.40615265 21.61349959 21.97851281 22.49255509 23.42148898
 23.37181478 22.56382986 22.20529617 20.13009289 16.62139341 14.27580768]"
2023-08-08,"[18.02109942 16.94619365  0.          0.          0.         17.62854095
 19.62009676 21.71441397 22.89414258 23.46756267 24.14325699 24.86501574
 24.98833189 25.38308969 25.95239925 26.7405404  26.40226072 25.18113001
 25.3619937  26.83386518 25.87610976 25.66054897 22.39676539 19.84823164]"
2023-08-09,"[18.85496875  0.          0.          0.          0.          0.
 19.03535413 20.41962699 20.40590382 19.85493618 19.71964763 20.07062258
 20.77060193 21.81567012 22.87446735 26.7717466  24.76433698 27.2627179
 27.69212016 27.49604696 26.88821613 24.7156064  23.40190425 20.84510779]"
2023-08-10,"[ 6.75197198  0.          0.          0.          0.          0.
  7.86701797 11.85261162 13.41460675 14.11956462 15.71841616 18.45534723
 21.64310131 23.60171947 23.06726775 22.29244614 21.85797987 22.22580852
 22.16286287 21.77364735 22.26863987 21.92741431 19.19256771 13.5067547 ]"
2023-08-11,"[14.17199529  0.          0.          0.          0.          0.
 13.84702499 14.97642822 15.24457312 14.64612875 14.62837259 14.83436647
 15.32093226 16.20705526 16.92092446 17.91359156 19.32534959 22.41476173
 22.63318973 21.94062828 19.32712183 17.97041874 16.00283717 13.84702676]"
2023-08-12,"[ 0.          0.          0.          0.          0.          0.
  0.          0.          0.          0.          0.          0.
  0.         17.13905886 18.37456515 19.59974515 21.23618872 22.59731055
 23.27529205 22.72636934 22.23939402 21.24995653 19.65308874 17.99943929]"
2023-08-13,"[19.53167316  0.          0.          0.          0.          0.
  0.          0.          0.         19.45626057 18.87364694 18.49362064
 18.01156354 17.73504527 16.77092663 15.64267296 16.44727824 17.39540232
 20.64561321 20.07357463 18.81027248 16.40143979 15.77871403 17.6522347 ]"
2023-08-14,"[14.2731969   0.          0.          0.          0.          0.
 14.27939483 15.66773036 16.24413752 16.20901387 16.64906459 17.4010838
 18.47332508 19.64473318 20.96902554 22.71134295 22.90698751 21.0240194
 22.16658799 21.61291276 18.90204953 22.85183135 19.24393187 16.88458579]"
2023-08-15,"[14.75300289 13.28046867  0.          0.          0.         13.41033581
 15.52559366 17.71348784 18.83384593 19.63724771 20.07086677 20.26456144
 20.40983409 20.61233316 23.1910767  22.9524377  23.7760415  22.76622765
 22.87187608 23.98294277 23.15494118 19.52278827 17.07736751 14.65175885]"
2023-08-16,"[ 0.          0.          0.          0.          0.          0.
 12.6709833  14.91310128 16.17463302 16.8580711  17.31189469 17.74411291
 17.98993548 18.54101026 19.21094431 20.20774404 21.67727409 23.56821697
 23.7708207  23.24135399 22.10408962 19.8484676  16.53121082 13.34091465]"
2023-08-17,"[ 0.          0.          0.          0.          0.          0.
  9.30494209 12.27965632 13.9719939  14.44850584 15.22985102 16.03923002
 16.64538219 17.9768224  18.94036816 20.2577897  21.85201416 23.01527245
 23.44974241 22.6123366  21.61375294 18.6075046  14.6026726  10.79405635]"
2023-08-18,"[15.60123195  0.          0.          0.          0.          0.
 16.95820103 18.3252953  18.98642279 19.58678613 19.88190665 20.16834431
 20.34483854 20.5314565  20.53724315 21.09999472 21.69891285 22.37016697
 22.25009112 21.69601952 20.9307367  19.77630032 18.12999736 16.34626295]"
2023-08-19,"[ 0.          0.          0.          0.          0.          0.
  0.          0.          0.          0.          0.          0.
  0.          0.          0.         15.40218702 16.30891604 17.12443844
 17.44298358 17.45091413 17.34517212 16.64067744 15.62424378  0.        ]"
2023-08-20,"[ 0.          0.          0.          0.          0.          0.
  0.          0.          0.          0.          0.          0.
  0.          0.          0.          5.96701778 11.67149484 16.93316261
 19.43311279 19.94064491 19.8027642  15.5656456   9.98706654  4.96416648]"
2023-08-21,"[ 0.          0.          0.          0.          0.          0.
 14.55907449 16.43033523 17.38119461 17.25852991 17.64578825 15.79920412
 18.77656385 21.76139038 20.92499405 23.71090437 24.95333446 25.55439545
 24.79352051 25.05852617 23.58905701 21.61560612 17.72659989 16.64792368]"
2023-08-22,"[16.44513299  0.          0.          0.          0.          0.
  0.         16.30266643 15.86590922  0.          0.          0.
  0.         15.79280143 16.66444697 17.99722586 20.91811559 24.65603554
 25.15069015 24.79858831 24.35668055 19.63179908 17.38800805  0.        ]"
2023-08-23,"[ 0.          0.          0.          0.          0.          0.
  0.          0.          0.          0.          0.          0.
  0.          0.          0.         13.5908449  17.0218831  19.92651743
 20.98814855 20.67697807 19.73756197 17.36202019 14.10374867  0.        ]"
2023-08-24,"[ 0.          0.          0.          0.          0.          0.
  0.         12.13272793 12.61201337 12.24235115 12.45395199 13.22131194
 13.96063128 14.76878381 15.73244833 16.63493036 17.64193175 18.55631773
 18.58918763 18.24103281 17.52465785 15.25571482 12.52023579  0.        ]"
2023-08-25,"[ 0.          0.          0.          0.          0.          0.
  0.         13.65024576 15.24465054 16.20710518 16.69768999 17.28598016
 17.44396302 17.50217008 17.6913321  17.68509793 18.25467728 18.71823627
 18.5290701  18.08630068 17.79943121 16.50229172 14.70832702 12.88526814]"
2023-08-26,"[ 0.          0.          0.          0.          0.          0.
  0.          0.         19.88032152 20.07634639 20.19851863 20.24338364
 20.32690088 20.44700105 20.80592109 21.24559882 21.81503858 24.85410063
 26.47787491 24.83753508 22.04902753 21.55413201 20.85630794 20.16055594]"
2023-08-27,"[ 0.          0.          0.          0.          0.          0.
  0.          0.          0.          0.          0.          0.
 23.85886989 23.84569283 23.82763541 23.80122046 23.75735814 23.71123858
 23.68866687 23.69519443 23.70989648 23.75784618 23.8209249   0.        ]"
2023-08-28,"[ 0.          0.          0.          0.          0.          0.
 25.56763205 24.73026902 24.57319104 24.76570159 24.91923643 24.76688264
 24.54248265 24.04526333 23.44529061 22.71776725 21.95599237 21.23082992
 20.93084297 21.32295035 21.73513788 22.89728629 24.2861956  25.53928694]"
2023-08-29,"[ 0.          0.          0.          0.          0.          0.
 24.56918997 24.19686157 23.9698431  23.9183113  23.86352928 23.84310319
 23.79528493 23.65368808 23.5125564  23.37003151 23.15554734 22.90717335
 22.8588913  22.92574337 23.02927215 23.48145116 23.94152336 24.42945105]"
2023-08-30,"[34.54846165 35.11425511  0.          0.          0.         34.59831524
 33.38093061 32.331662   31.64992842 31.14674325 30.89167243 30.70616522
 30.84645417 30.94268543 31.09341026 30.83949885 26.32018635 26.60275684
 26.59077937 25.91091478 30.31776308 31.69282553 33.2568746  34.72701006]"
2023-08-31,"[ 0.          0.          0.          0.          0.          0.
 29.65952573 29.03827274 29.67412606  0.          0.          0.
  0.          0.          0.         28.91499312 27.11772968 25.76816163
 25.13555085 25.21341226 25.65137033 26.94741301 28.8322671   0.        ]"
2023-09-01,"[ 0.          0.          0.          0.          0.          0.
  0.          0.          0.          0.          0.          0.
  0.          0.          0.          0.         21.05014038 21.24473538
 21.32537532 21.34733352 21.25590396 21.10503604 20.91668776  0.        ]"
2023-09-02,"[0.         0.         0.         0.         0.         0.
 0.         0.         0.         0.         0.         0.
 0.         0.         0.         0.         0.         0.
 3.09554618 4.29203943 0.11783872 0.         0.         0.        ]"
2023-09-03,"[ 0.          0.          0.          0.          0.          0.
  0.          0.          0.          0.          0.          0.
  0.          0.          4.76559486 10.19942029 16.35759268 17.2543156
 17.69092538 17.74262816 17.77802656 17.34405402 12.15538449  6.21426876]"
2023-09-04,"[13.29819656  0.          0.          0.          0.          0.
  0.          0.         12.94360019 13.50918705 14.3948552  15.10438428
 17.2027025  17.75420377 18.32063454 20.55744999 22.89361533 24.70218313
 24.87593887 23.93791209 22.6861797  19.3578393  18.0432027  16.23593091]"
2023-09-05,"[14.4747339  13.86795723  0.          0.          0.         13.88222531
 14.87169984 15.40462254 16.58775566 17.33764089 18.28810495 20.37744322
 22.5504891  24.80295847 32.91201813 33.55728339 37.2348104  38.31707134
 38.65755793 37.48815066 31.40891582 29.29958754 22.53022204 18.11588987]"
2023-09-06,"[22.12839764 21.21064475 20.58052756 20.2502328  20.28801789 21.00466712
 22.41359453 24.58310442 28.49037456 31.24124973 33.36757609 33.04924265
 38.23658222 36.7736958  38.63439188 41.86114203 54.74593761 58.6948541
 63.36917032 54.80858104 41.91334532 36.972061   33.3911545  28.65219406]"
2023-09-07,"[22.58989071 18.91055508 17.08871526 16.24731762 16.37210117 18.53977324
 22.61128217 26.66852656 27.26749116 27.96984071 34.19100575 37.24781475
 45.51845472 43.11190835 45.9604297  48.81863109 52.90746305 55.0038338
 53.68825511 49.80977255 46.87312867 44.48058905 34.97705598 26.91809366]"
2023-09-08,"[24.62967642 21.48658084 19.82169645 19.18926752 18.46540308 20.38935856
 25.06018527 28.37853224 32.52849947 38.72710896 41.88778794 36.02114045
 38.83030763 40.92189487 43.1753061  44.85543736 45.93361058 46.91272867
 45.90313589 44.74114298 42.80357653 36.78310301 35.23999037 26.98032712]"
2023-09-09,"[11.4739394   4.90235549  0.82728932  0.          0.          0.41003938
  3.09430256  6.52961007 10.95237872 15.32647598 17.78822348 18.34453355
 20.15260038 21.36954517 23.53920867 26.57813534 29.35278726 34.85052608
 35.50580133 34.66843435 30.43067192 23.8312718  16.50865747  9.74237407]"
2023-09-10,"[11.96248185  9.77725754  8.59451503  0.          0.          0.
  8.80639039  9.99229847 11.36478893 13.10411299 14.63155852 15.29882453
 16.2633637  17.5030328  18.64466394 19.59338472 21.13347991 22.95819228
 23.43255425 23.3566595  21.91459595 18.44543191 15.18497766 11.9276953 ]"
2023-09-11,"[ 0.          0.          0.          0.          0.          0.
  0.          2.9627147   5.04847856  5.89251167  7.0449607   7.96203584
  8.7898374  11.51676419 14.09755822 17.51430205 22.49739974 25.4586678
 25.96994577 22.98838572 19.93282104 11.0379331   1.16102754  0.        ]"
2023-09-12,"[ 0.          0.          0.          0.          0.          0.
  0.          5.32057776  8.47365828  9.07940699 10.05797251  9.74730865
  9.76284884 11.44810824 13.97213367 17.08637537 20.72144375 21.98444329
 21.57927723 21.09777232 20.65883113 13.06347954  4.03914565  0.        ]"
2023-09-13,"[35.41424612 36.04813788 36.44054464 36.65615119 36.51277356 35.79048439
 34.55827955 33.79502581 33.63439625 33.71524951 33.70015798 33.53737341
 33.27648579 32.88192294 32.50568467 32.91473361 33.92588747 32.93116127
 32.11121786 32.85030478 34.02830376 32.81616228 34.20899453 35.51558114]"
2023-09-14,"[14.19755451  0.          0.          0.          0.          0.
 15.59170608 16.7934925  16.27391026 15.25854154 14.37207334 14.07459947
 14.32050956 14.76671739 15.51436339 16.83514055 18.61997186 20.24218323
 21.02354867 20.44644726 19.28829005 17.25358235 14.83811461  0.        ]"
2023-09-15,"[ 0.          0.          0.          0.          0.          0.
  0.          0.          0.          0.          0.          0.
  0.          0.          0.          0.         21.85584542 22.04343695
 22.09627026 22.05541519 21.94504232 21.77563258  0.          0.        ]"
2023-09-16,"[ 0.          0.          0.          0.          0.          0.
  0.          0.          0.          0.          0.          0.
  0.          0.          0.          0.          0.         20.26934618
 20.52835276 20.65620281 20.31563561  0.          0.          0.        ]"
2023-09-18,"[ 0.          0.          0.          0.          0.          0.
 14.3035159  15.49221644 18.60314428 19.44939248 20.70655134 21.06025013
 21.35106435 21.68380074 21.79907949 22.0374969  22.6724879  21.66192201
 22.06762667 21.80842647 22.32831374 18.98304278 14.38160881 11.61421677]"
2023-09-19,"[ 0.          0.          0.          0.          0.          0.
  9.55360256 10.4209291   9.72191748  8.62616073  0.          0.
  0.          8.31186158  9.21010622 10.19593728 11.91513817 13.61217309
 14.42842412 14.30304967 13.02291386 11.29684648  9.36124461  0.        ]"
2023-09-20,"[ 0.          0.          0.          0.          0.          0.
 13.80464453 14.63121673  0.          0.          0.          0.
  0.          0.          0.         13.63975423 16.14242484 18.52402798
 17.89879777 18.22859507 18.70979543 16.55361842 14.39117743  0.        ]"
2023-09-21,"[ 0.          0.          0.          0.          0.          0.
 11.30011004 11.75900676 11.04783276  0.          0.          0.
  0.          0.          0.         10.9873316  12.36744295 13.72358099
 14.41215281 14.5087381  13.87882811 12.87770744 11.69165528  0.        ]"
2023-09-22,"[ 0.          0.          0.          0.          0.          0.
  8.99997757 10.25486027  9.41075005  7.91211134  7.34561182  7.15828254
  7.31175938  7.94371356  8.61629111  9.68609925 11.50296977 13.29049279
 14.43027181 13.97210277 12.55923379 10.83490618  8.82618792  6.89195899]"
2023-09-23,"[0.         0.         0.         0.         0.         0.
 0.         0.         1.93327481 3.59063052 4.64959379 5.50547476
 5.79922565 5.65778829 5.7085643  6.07848102 7.09754807 8.79117703
 9.42219436 9.06679129 6.98874647 4.64959016 1.93327118 0.        ]"
2023-09-24,"[ 0.          0.          0.          0.          0.          0.
  0.          0.          0.          4.9638711   5.41995871  5.74784097
  5.88025411  6.13877291  6.22074295  6.69785062  7.79288629  9.29146887
  9.94932889 10.07543454  8.59997591  6.77351947  4.93654775  0.        ]"
2023-09-25,"[0.         0.         0.         0.         0.         0.
 6.02135502 7.14702156 7.49998931 7.64035165 7.59947055 7.62127526
 7.50271081 7.5422332  7.51361316 7.76027889 8.28086622 9.23345791
 9.69817341 9.58369735 8.71968455 7.38551188 5.95730234 0.        ]"
2023-09-26,"[ 0.          0.          0.          0.          0.          0.
  7.2955724   8.83265898  8.93964588  8.56410769  7.57941378  7.00737304
  6.26721345  0.          6.33707884  7.19077541  8.97239412 11.29112416
 15.59589693 15.61825817 11.45487628  9.47675284  7.07724061  0.        ]"
2023-09-27,"[ 0.          0.          0.          0.          0.          0.
 15.78546707 17.13779219 15.72494528  0.          0.          0.
  0.          0.          0.         14.29813754 16.87942593 19.59804632
 21.29484891 21.4810578  20.10080402 18.0362365  15.5620192   0.        ]"
2023-09-28,"[ 0.          0.          0.          0.          0.          0.
 14.07874276 14.70674922 14.16284935 13.38121063  0.          0.
  0.          0.          0.         13.62343859 14.71123273 15.93584095
 16.68271739 16.66701616 15.98294126 14.99047031 13.83763512  0.        ]"
2023-09-29,"[ 0.          0.          0.          0.          0.          0.
  9.84431752 11.75391878 12.34166782 12.51590404 12.67851771 12.58094672
 12.32075975 12.19763213 12.18601654 12.45549831 13.26394362 14.2164223
 14.93659142 14.68336916 13.18495991 11.4333284   9.38666081  0.        ]"
2023-09-30,"[ 0.          0.          0.          0.          0.          0.
  0.          9.66187234 10.69011199 11.18043443 11.37904566 10.66114342
 10.31357015  9.82324357  9.61635472 10.2204743  11.56318087 13.06932963
 14.19687386 14.24032052 13.14795153 11.79696527 10.20185431  0.        ]"
2023-10-01,"[22.82684857  0.          0.          0.          0.          0.
  0.         22.70796652  0.          0.          0.          0.
  0.          0.          0.         22.68139117 20.69673815 18.64495094
 17.40666594 17.48828343 18.28550191 19.37783249 20.65617791 21.84361245]"
